Predictor variable,Categorical,Sample average
wc2.0_bio_10m_01,false,17.74017458213003
wc2.0_bio_10m_04,false,463.43519833213406
wc2.0_bio_10m_12,false,1174.482456140351
wc2.0_bio_10m_14,false,45.771929824561404
wc2.0_bio_10m_15,false,44.338671475126034
bias_avg,false,1.3666672734153078E-4
