Predictor variable,Categorical,Sample average
wc2.0_bio_10m_01,false,17.762849176139163
wc2.0_bio_10m_04,false,455.8597466318231
wc2.0_bio_10m_12,false,1173.767543859649
wc2.0_bio_10m_14,false,45.719298245614034
wc2.0_bio_10m_15,false,44.034645992412905
bias_avg,false,1.4064038366581243E-4
