Predictor variable,Categorical,Sample average
wc2.0_bio_10m_01,false,17.7599911062341
wc2.0_bio_10m_04,false,465.7473058867873
wc2.0_bio_10m_12,false,1168.201754385965
wc2.0_bio_10m_14,false,45.24122807017544
wc2.0_bio_10m_15,false,44.92170271538851
